<?xml version="1.0" encoding="UTF-8"?>
<ExtensionManifest Version="7.0" ExtensionBundleId="com.aefont.preview" ExtensionBundleVersion="1.0.0" ExtensionBundleName="AE Font Preview">
  <ExtensionList>
    <Extension Id="com.aefont.preview.panel" Version="1.0.0" />
  </ExtensionList>
  <ExecutionEnvironment>
    <HostList>
      <Host Name="AEFT" Version="[17.0,99.9]" />
    </HostList>
    <LocaleList>
      <Locale Code="All" />
    </LocaleList>
    <RequiredRuntimeList>
      <RequiredRuntime Name="CSXS" Version="11.0" />
    </RequiredRuntimeList>
  </ExecutionEnvironment>
  <DispatchInfoList>
    <Extension Id="com.aefont.preview.panel">
      <DispatchInfo>
        <Resources>
          <MainPath>./index.html</MainPath>
          <ScriptPath>./jsx/hostscript.jsx</ScriptPath>
          <CEFCommandLine>
            <Parameter>--enable-nodejs</Parameter>
            <Parameter>--mixed-context</Parameter>
            <Parameter>--remote-debugging-port=9222</Parameter>
          </CEFCommandLine>
        </Resources>
        <Lifecycle>
          <AutoVisible>true</AutoVisible>
          <StartOn>
            <Event>applicationActivate</Event>
          </StartOn>
        </Lifecycle>
        <UI>
          <Type>Panel</Type>
          <Menu>AE Font Preview</Menu>
          <Geometry>
            <Size>
              <Height>600</Height>
              <Width>400</Width>
            </Size>
          </Geometry>
        </UI>
      </DispatchInfo>
    </Extension>
  </DispatchInfoList>
</ExtensionManifest> 